perfil,theta_calibrado,theta_min_retencion,theta_eta1,eta0
P1,0.08,0.6314266792150302,0.1725948912838824,0.5236270452947877
P2,0.03,0.6314266792150302,0.17640914443840708,0.5250801906816415
P3,0.15,0.6294373250846959,0.18898716699203677,0.5055062718721314
